{"weights": [[1.3884017850931456, 0.5562997545364786], [-0.5483783065373087, -0.19900477549215115]], "bias": [[3.6290514282900053, 1.158706087578312]], "hyperparameters": {"batch_size": 32, "regularization": 0, "max_epochs": 100, "patience": 3, "learning_rate": 0.01}}