{"coef_": [[-0.12490656385837275, 0.10736139362424736], [0.01626421161790987, -0.07583840092127767], [0.10864235224046288, -0.031522992702969675]], "intercept_": [-0.007543082697200362, 0.005049892141060667, 0.0024931905561397126], "classes_": [0, 1, 2]}