{"coef_": [[-0.1515094685697898, -0.14316205807341098], [0.024876295401176512, 0.013302496015069455], [0.12663317316861333, 0.12985956205834157]], "intercept_": [-0.012878076890146813, 0.007531634225567779, 0.005346442664579035], "classes_": [0, 1, 2]}