{"coef_": [[-0.11053380111004948, 0.09686769015052527, -0.14712383658444692, -0.14345575369188554], [0.01284031990929738, -0.09297461371250201, 0.039519158223772534, 0.023239187982863823], [0.0976934812007521, -0.0038930764380232658, 0.10760467836067439, 0.12021656570902173]], "intercept_": [-0.002218830256199571, 0.018225948048391234, -0.01600711779219166], "classes_": [0, 1, 2]}